"Season","TeamName","Tempo","RankTempo","AdjTempo","RankAdjTempo","OE","RankOE","AdjOE","RankAdjOE","DE","RankDE","AdjDE","RankAdjDE","AdjEM","RankAdjEM"
"2025","Abilene Christian",69.6351,95,69.2344,83,96.5057,341,98.8502,324,101.251,69,103.026,92,-4.17614,216
"2025","Air Force",64.7205,332,64.5049,327,96.4261,343,99.9491,308,112.077,316,112.094,275,-12.1445,303
"2025","Akron",72.8507,11,72.3133,12,113.207,52,112.124,90,103.299,109,106.024,144,6.10034,103
"2025","Alabama",75.9466,1,75.0424,1,119.398,6,127.289,3,105.16,162,97.8497,36,29.4398,6
"2025","Alabama A&M",72.7779,13,72.0104,16,95.8296,348,93.2056,360,109.865,268,115.542,326,-22.3365,359
"2025","Alabama St.",69.5088,100,68.1249,146,104.767,218,102.326,258,106.318,182,113.11,290,-10.7847,293
"2025","Albany",68.4326,160,67.7532,165,106.225,171,103.308,244,106.875,195,111.715,260,-8.40707,264
"2025","Alcorn St.",66.4343,270,65.0109,316,98.0593,327,98.9863,320,109.526,260,112.476,279,-13.4897,317
"2025","American",63.5745,357,63.65,349,103.813,239,102.277,260,106.176,180,109.463,219,-7.18547,252
"2025","Appalachian St.",64.0781,351,63.6345,350,103.102,253,101.794,273,100.334,56,101.585,71,0.20891,160
"2025","Arizona",70.4653,56,70.3185,51,113.981,40,120.135,18,99.5635,42,94.9763,17,25.159,13
"2025","Arizona St.",70.1355,71,68.827,112,103.71,241,112.315,88,105.52,170,100.087,54,12.2284,65
"2025","Arkansas",70.147,70,69.2155,84,106.926,160,111.739,94,99.4166,38,94.9391,16,16.8001,41
"2025","Arkansas Pine Bluff",73.081,8,72.1511,15,96.4511,342,95.1388,354,118.575,358,121.957,361,-26.8181,363
"2025","Arkansas St.",70.41,58,69.9663,59,110.762,76,110.19,118,98.0873,25,101.205,69,8.98491,87
"2025","Army",67.5148,208,67.8227,162,103.859,238,101.387,280,110.234,277,114.869,318,-13.4819,316
"2025","Auburn",69.3599,111,68.6024,121,122.919,2,130.717,1,99.2172,33,93.0429,10,37.6737,2
"2025","Austin Peay",66.9383,240,66.3783,240,103.528,242,102.567,254,111.909,314,111.549,258,-8.98128,269
"2025","Ball St.",68.1163,179,66.3878,239,108,137,104.805,219,109.72,265,114.069,311,-9.26342,275
"2025","Baylor",66.257,278,65.4269,296,113.454,48,121.059,15,104.585,147,100.737,61,20.3224,31
"2025","Bellarmine",67.1705,232,66.465,235,104.599,221,104.251,226,120.141,363,121.889,360,-17.6382,342
"2025","Belmont",70.5612,53,70.7773,36,112.83,57,114.129,68,110.106,276,111.364,252,2.76431,132
"2025","Bethune Cookman",69.7475,90,69.2744,81,98.9314,320,98.4369,329,104.04,128,108.127,194,-9.69044,279
"2025","Binghamton",66.3573,274,65.9181,272,101.913,274,99.6065,313,108.699,241,112.723,283,-13.1165,312
"2025","Boise St.",66.0653,287,65.9824,270,113.462,47,116.64,46,99.8879,48,100.224,55,16.4159,48
"2025","Boston College",66.9477,239,66.796,226,102.385,264,105.11,216,108.686,240,106.666,159,-1.55646,182
"2025","Boston University",63.557,358,63.2398,354,100.974,296,99.0862,318,104.697,149,110.851,244,-11.7648,302
"2025","Bowling Green",70.012,78,69.2846,79,103.501,243,100.077,306,107.892,220,110.827,241,-10.7506,292
"2025","Bradley",66.7387,250,66.1386,261,113.911,42,112.356,86,103.669,118,104.699,118,7.65722,93
"2025","Brown",67.3718,220,66.1199,262,104.938,209,104.021,231,105.703,172,107.572,182,-3.55078,214
"2025","Bryant",72.8788,10,72.4754,7,108.953,120,107.41,171,103.043,103,107.149,172,0.260585,159
"2025","Bucknell",67.6236,201,67.702,168,104.809,215,103.083,246,102.85,96,107.313,177,-4.22976,217
"2025","Buffalo",72.3542,16,71.3456,24,97.3386,334,96.3121,342,112.413,322,113.83,306,-17.5183,341
"2025","Butler",67.2817,226,67.9112,155,110.122,91,116.649,45,107.998,222,105.146,128,11.5033,71
"2025","BYU",67.7,197,67.3301,200,118.049,12,123.444,12,101.412,71,101.141,67,22.3032,25
"2025","Cal Baptist",67.97,184,66.3684,242,104.868,213,106.88,185,103.831,123,107.108,171,-0.228537,164
"2025","Cal Poly",74.9485,2,74.8953,2,105.038,207,108.031,162,110.764,289,111.449,255,-3.41809,209
"2025","Cal St. Bakersfield",67.3553,221,66.2927,249,105.566,187,107.003,179,111.608,309,113.424,298,-6.42113,242
"2025","Cal St. Fullerton",68.687,148,68.3767,131,91.1384,360,95.5176,347,114.064,339,113.632,303,-18.1145,345
"2025","California",68.152,176,67.9058,156,108.394,132,111.373,98,109.609,262,107.188,174,4.18482,115
"2025","Campbell",66.2259,279,66.3018,247,104.017,236,102.752,253,103.746,121,106.21,151,-3.4581,211
"2025","Canisius",66.1164,283,66.1082,263,99.0205,319,100.767,295,119.239,361,122.889,363,-22.1222,358
"2025","Central Arkansas",67.4138,217,66.6301,229,99.1678,317,98.2356,332,115.32,344,116.335,335,-18.099,344
"2025","Central Connecticut",66.1542,281,66.1817,258,105.611,186,101.809,271,95.3688,12,102.605,85,-0.795499,175
"2025","Central Michigan",68.6725,150,67.6262,175,105.797,182,106.803,188,108.258,230,109.177,211,-2.37426,189
"2025","Charleston",70.5406,54,70.7336,38,107.38,149,106.949,182,103.452,111,106.111,146,0.838709,153
"2025","Charleston Southern",68.9679,127,67.6794,171,101.025,292,100.661,300,112.827,329,111.841,266,-11.1793,297
"2025","Charlotte",65.663,308,65.1833,306,105.403,195,104.835,218,112.897,330,113.178,292,-8.34219,262
"2025","Chattanooga",67.5218,206,66.908,219,115.705,27,116.199,50,108.248,229,111.193,250,5.00559,110
"2025","Chicago St.",69.2969,115,68.8031,113,89.9944,362,91.9996,362,112.901,331,116.352,337,-24.3527,361
"2025","Cincinnati",65.7091,303,65.574,287,108.137,136,112.624,84,99.6668,45,96.4604,26,16.1634,50
"2025","Clemson",64.8398,329,64.1314,337,116.848,21,120.901,17,99.492,41,96.2931,24,24.608,17
"2025","Cleveland St.",66.3696,273,66.0088,269,105.724,183,104.682,222,102.087,83,104.949,124,-0.266125,166
"2025","Coastal Carolina",64.2241,348,63.6072,351,102.264,269,100.95,290,112.456,324,115.869,331,-14.9182,327
"2025","Colgate",66.6411,259,67.4228,193,106,176,105.463,211,109.236,256,113.981,309,-8.51847,266
"2025","Colorado",68.3378,168,67.5605,181,101.217,285,107.578,169,104.269,137,100.33,56,7.24802,95
"2025","Colorado St.",66.6551,255,66.2937,248,111.367,69,115.362,59,100.655,60,100.893,66,14.4689,57
"2025","Columbia",71.0417,40,70.7074,39,108.552,130,107.116,175,112.231,320,116.32,334,-9.20303,272
"2025","Connecticut",65.114,323,64.3862,332,118.004,13,122.331,13,104.488,143,104.037,109,18.2936,36
"2025","Coppin St.",68.7949,142,68.1081,147,88.0777,363,87.4212,363,112.433,323,113.216,294,-25.7945,362
"2025","Cornell",71.8542,20,71.0869,28,115.269,31,114.338,67,109.096,254,111.905,268,2.4329,137
"2025","Creighton",68.4078,162,68.0445,150,109.489,107,116.059,53,101.107,65,97.9808,38,18.0787,37
"2025","CSUN",72.798,12,72.3723,11,109.699,103,110.096,123,99.985,49,103.766,104,6.32939,99
"2025","Dartmouth",71.6744,25,71.3503,23,104.193,229,101.808,272,101.66,75,103.827,105,-2.01966,187
"2025","Davidson",66.1094,285,65.5627,288,109.719,102,111.321,99,107.701,216,109.032,209,2.28931,139
"2025","Dayton",66.153,282,66.2253,255,112.574,58,116.115,52,105.409,166,105.799,141,10.3152,79
"2025","Delaware",70.4263,57,70.8641,34,107.404,148,108.414,152,113.5,337,117.132,343,-8.71759,267
"2025","Delaware St.",71.793,21,70.9614,31,103.786,240,101.283,283,108.936,248,113.706,304,-12.4233,308
"2025","Denver",68.0962,181,66.8143,224,101.755,276,99.2408,316,111.836,312,111.476,256,-12.2351,305
"2025","DePaul",67.764,195,67.3042,201,104.195,228,108.722,142,107.74,218,106.163,148,2.55883,136
"2025","Detroit Mercy",67.3809,219,67.0302,213,96.0028,346,95.2355,350,110.787,290,112.019,273,-16.7833,337
"2025","Drake",59.7651,364,59.4038,364,113.576,46,113.398,76,99.4731,40,100.4,58,12.9981,60
"2025","Drexel",64.0831,350,63.2049,356,104.808,216,101.973,267,102.028,80,104.924,123,-2.95095,203
"2025","Duke",66.5529,263,66.2677,251,125.526,1,129.113,2,91.9051,2,89.7141,4,39.3992,1
"2025","Duquesne",65.4029,316,65.3569,299,104.061,233,106.313,200,102.545,91,103.736,103,2.57725,134
"2025","East Carolina",67.2494,228,66.9336,218,109.011,117,108.601,147,106.915,197,108.577,204,0.0236555,162
"2025","East Tennessee St.",65.6935,304,65.4366,295,109.872,97,107.814,165,102.642,93,105.079,125,2.73549,133
"2025","East Texas A&M",67.8148,193,67.6041,177,94.6543,355,96.7277,339,110.075,274,111.834,265,-15.1064,330
"2025","Eastern Illinois",66.9832,238,66.3777,241,94.2697,357,94.0111,358,103.965,126,107.476,179,-13.4644,314
"2025","Eastern Kentucky",67.9578,186,67.898,158,110.763,75,110.175,119,110.078,275,111.76,261,-1.58502,183
"2025","Eastern Michigan",68.099,180,67.3316,199,105.987,177,103.82,235,111.735,310,114.654,315,-10.8333,294
"2025","Eastern Washington",67.9427,187,67.3727,194,103.251,250,103.041,247,112.921,332,113.412,297,-10.3711,287
"2025","Elon",65.4902,313,65.3494,300,108.37,133,107.251,173,106.032,179,109.149,210,-1.89784,186
"2025","Evansville",67.0004,237,67.1336,205,97.5325,332,98.9471,321,106.553,190,106.064,145,-7.11695,251
"2025","Fairfield",65.8079,300,65.7103,283,100.645,305,99.6647,311,111.432,304,116.338,336,-16.673,336
"2025","Fairleigh Dickinson",68.8153,139,69.6438,67,101.087,289,98.4817,328,107.359,207,111.958,269,-13.476,315
"2025","FIU",69.5331,99,69.1113,95,97.1625,336,97.7752,334,104.054,130,105.221,130,-7.44589,254
"2025","Florida",70.2806,63,69.5417,69,119.142,8,126.846,4,95.6716,14,92.8753,7,33.971,4
"2025","Florida A&M",68.4663,157,67.43,192,99.6711,313,100.694,298,110.805,291,114.2,312,-13.5061,319
"2025","Florida Atlantic",70.0149,77,69.4792,70,110.467,84,113.113,80,108.456,236,108.676,206,4.43663,112
"2025","Florida Gulf Coast",65.6524,309,65.4588,292,110.153,90,108.623,145,106.512,189,109.206,212,-0.582717,169
"2025","Florida St.",70.7454,48,70.1567,53,106.091,174,109.992,124,103.68,120,101.654,72,8.33786,90
"2025","Fordham",70.2219,67,70.0919,55,102.978,255,106.46,197,109.969,270,111.546,257,-5.08573,226
"2025","Fresno St.",71.2832,34,71.024,29,97.0545,338,101.047,288,110.36,281,108.12,192,-7.07349,248
"2025","Furman",66.4957,267,66.1423,260,109.001,118,108.322,155,104.172,134,106.939,168,1.38268,148
"2025","Gardner Webb",70.091,72,69.303,78,104.929,211,104.057,230,111.879,313,112.193,277,-8.13617,259
"2025","George Mason",65.1456,321,64.7629,320,104.948,208,105.297,213,95.0671,10,95.7797,21,9.5175,83
"2025","George Washington",67.1947,231,67.3536,197,106.397,166,106.764,191,99.2346,34,102.671,86,4.09277,118
"2025","Georgetown",68.4267,161,68.524,126,104.311,225,108.335,154,99.5949,43,98.92,49,9.41544,85
"2025","Georgia",68.7504,144,66.8477,222,109.779,101,115.523,57,100.697,61,96.576,28,18.9466,34
"2025","Georgia Southern",69.9689,81,69.8851,61,104.052,234,103.01,248,107.645,214,110.081,231,-7.07122,247
"2025","Georgia St.",69.3776,108,69.2085,85,106.296,168,106.768,190,113.431,336,115.676,328,-8.90831,268
"2025","Georgia Tech",69.4256,106,68.8649,110,105.195,204,108.267,157,103.535,115,101.328,70,6.93872,96
"2025","Gonzaga",70.633,52,70.4387,48,122.442,3,125.114,7,97.9248,23,97.8655,37,27.2481,8
"2025","Grambling St.",66.5331,265,64.4192,330,97.2573,335,97.0095,338,106.927,198,111.977,271,-14.9674,329
"2025","Grand Canyon",72.9,9,71.9983,17,105.538,188,105.85,204,94.5461,8,99.466,52,6.38432,98
"2025","Green Bay",69.0347,123,69.0381,99,100.777,302,101.129,287,115.648,349,116.901,342,-15.7717,334
"2025","Hampton",66.0159,290,65.7866,279,105.323,198,104.46,223,106.423,187,108.425,203,-3.96477,215
"2025","Harvard",66.8935,242,65.8421,276,101.71,277,102.021,264,108.581,239,110.373,233,-8.35151,263
"2025","Hawaii",66.8158,245,66.1833,257,102.774,258,103.933,233,105.951,176,108.186,197,-4.25325,218
"2025","High Point",67.3463,222,66.9726,215,121.087,4,118.575,26,104.871,151,109.781,223,8.79404,88
"2025","Hofstra",64.3892,343,63.9422,345,97.9841,328,98.364,330,100.832,63,103.042,93,-4.67841,224
"2025","Holy Cross",65.9582,294,66.3479,244,103.105,252,102.278,259,111.161,300,116.233,333,-13.9553,322
"2025","Houston",62.2166,360,61.3297,360,117.457,17,124.376,8,91.2753,1,89.2399,3,35.1365,3
"2025","Houston Christian",64.9573,326,65.1672,307,100.372,308,101.742,274,108.286,232,110.946,246,-9.20356,273
"2025","Howard",70.3759,59,69.7341,64,106.039,175,104.74,220,113.108,334,117.42,346,-12.6797,310
"2025","Idaho",66.5506,264,66.3289,245,108.705,124,108.639,144,115.249,343,117.81,350,-9.17018,271
"2025","Idaho St.",66.6502,256,66.2308,254,108.668,125,106.939,183,107.329,205,109.652,220,-2.71303,199
"2025","Illinois",72.3243,17,71.6138,18,114.835,32,121.865,14,100.776,62,97.5886,33,24.2765,19
"2025","Illinois Chicago",68.8655,134,69.5602,68,106.787,163,108.552,149,108.267,231,108.226,199,0.326155,158
"2025","Illinois St.",65.8995,296,65.7649,280,113.591,45,113.672,74,110.704,286,111.577,259,2.09415,141
"2025","Incarnate Word",64.6532,337,64.5888,324,107.45,147,106.95,181,109.205,255,114.033,310,-7.08333,249
"2025","Indiana",69.3598,112,68.4236,128,109.053,116,115.365,58,104.061,131,98.7014,45,16.6632,43
"2025","Indiana St.",72.0779,19,72.4566,8,107.963,139,108.98,139,111.159,299,112.196,278,-3.21627,206
"2025","Iona",68.7987,141,68.9078,106,99.9443,311,97.7018,335,101.126,66,106.184,149,-8.48232,265
"2025","Iowa",71.6065,27,70.0591,57,114.031,39,117.991,34,110.385,283,106.938,167,11.0535,74
"2025","Iowa St.",69.7279,91,68.9768,101,113.776,44,119.527,21,95.5756,13,93.0361,9,26.491,11
"2025","IU Indy",66.0197,289,65.1953,304,108.449,131,109.113,136,119.082,360,122.413,362,-13.3002,313
"2025","Jackson St.",70.5181,55,68.9149,105,99.742,312,101.617,275,106.332,184,108.171,196,-6.55366,244
"2025","Jacksonville",68.5469,152,67.8493,159,104.358,224,102.331,257,103.278,106,103.256,96,-0.925435,176
"2025","Jacksonville St.",65.6782,305,65.3866,297,107.734,140,109.905,126,105.161,163,105.471,135,4.43378,113
"2025","James Madison",65.1291,322,65.0396,314,110.592,81,111.424,97,108.119,226,110.596,238,0.828191,154
"2025","Kansas",69.0333,124,68.8956,108,108.179,135,115.158,60,96.939,19,91.735,6,23.4234,21
"2025","Kansas City",65.8528,298,65.0027,317,103.305,249,100.888,291,107.737,217,107.09,169,-6.20219,237
"2025","Kansas St.",68.3028,170,67.5703,179,105.318,199,111.539,96,102.867,99,99.397,50,12.142,66
"2025","Kennesaw St.",71.0744,39,70.7706,37,102.35,267,105.787,205,102.693,95,103.548,101,2.23894,140
"2025","Kent St.",67.537,204,66.0114,268,107.124,155,106.893,184,100.015,50,102.97,89,3.92248,119
"2025","Kentucky",72.223,18,70.8607,35,117.521,16,125.295,6,106.585,191,100.883,65,24.4116,18
"2025","La Salle",69.9051,84,69.0655,96,100.777,301,102.822,251,108.363,234,109.373,216,-6.55107,243
"2025","Lafayette",65.9542,295,66.3211,246,101.65,278,98.6752,326,104.233,135,109.284,213,-10.609,290
"2025","Lamar",65.8396,299,65.5933,286,103.447,244,103.417,241,101.941,79,104.003,108,-0.586056,170
"2025","Le Moyne",68.4905,154,68.8599,111,102.186,271,101.249,284,115.567,347,121.627,359,-20.3781,353
"2025","Lehigh",66.7058,253,67.4995,187,101.84,275,101.185,286,107.423,208,111.16,248,-9.97491,282
"2025","Liberty",66.513,266,65.7284,282,108.618,126,109.188,134,95.2144,11,98.0913,39,11.0966,73
"2025","Lindenwood",69.9407,82,69.9103,60,96.2142,345,95.2032,352,104.983,155,109.98,228,-14.7768,326
"2025","Lipscomb",67.5892,202,66.4547,236,115.352,30,113.064,81,100.422,58,103.587,102,9.47722,84
"2025","Little Rock",68.0743,182,67.3673,195,99.6057,314,98.886,322,97.1335,20,103.15,95,-4.26389,219
"2025","LIU",65.2766,320,65.3633,298,98.2279,325,94.6603,355,99.4071,37,104.697,117,-10.0363,284
"2025","Long Beach St.",65.5301,312,64.3175,335,99.0601,318,102.767,252,113.982,338,115.059,319,-12.2925,307
"2025","Longwood",70.062,75,69.1692,89,109.197,113,106.545,193,108.04,225,109.98,229,-3.43496,210
"2025","Louisiana",66.8614,244,67.0358,212,97.087,337,98.8142,325,109.809,267,111.326,251,-12.512,309
"2025","Louisiana Monroe",68.2576,173,68.2264,139,96.2269,344,96.6059,340,112.54,326,114.789,317,-18.1828,346
"2025","Louisiana Tech",66.0679,286,64.7354,321,107.604,145,110.894,105,104.606,148,106.624,158,4.27054,114
"2025","Louisville",69.3715,110,69.1972,86,114.135,37,118.833,24,99.6181,44,96.305,25,22.5283,24
"2025","Loyola Chicago",67.5165,207,67.4523,190,106.627,165,107.628,168,102.669,94,104.686,116,2.9416,128
"2025","Loyola Marymount",67.9612,185,67.1754,204,101.599,279,103.832,234,104.874,152,103.339,97,0.49323,157
"2025","Loyola MD",66.8647,243,67.1005,208,102.276,268,100.438,303,107.541,211,113.356,295,-12.9175,311
"2025","LSU",69.3084,114,68.0536,149,107.014,157,111.224,101,103.548,116,100.799,64,10.4245,77
"2025","Maine",66.4085,271,66.2131,256,104.43,223,102.071,263,101.259,70,106.718,161,-4.64722,223
"2025","Manhattan",67.1659,233,67.6737,172,109.958,95,108.788,140,108.836,245,115.35,323,-6.5627,245
"2025","Marist",64.1976,349,64.3505,334,103.342,247,99.0248,319,98.7707,29,106.227,152,-7.20199,253
"2025","Marquette",67.8709,190,67.6068,176,113.177,53,118.209,30,98.5539,28,95.6533,19,22.5562,23
"2025","Marshall",68.8692,133,69.0578,97,107.992,138,106.808,186,104.11,132,107.22,175,-0.411072,167
"2025","Maryland",70.6688,50,70.1447,54,115.661,28,118.452,28,94.7988,9,93.6552,12,24.7965,14
"2025","Maryland Eastern Shore",67.649,199,66.1607,259,93.4363,359,95.1819,353,117.594,355,118.55,356,-23.3678,360
"2025","Massachusetts",70.8244,44,70.5669,45,101.284,283,103.809,236,105.095,158,106.856,165,-3.04767,205
"2025","McNeese",65.9793,292,65.641,284,114.351,36,114.804,63,97.8743,21,101.148,68,13.6557,59
"2025","Memphis",70.86,43,70.6974,40,111.611,65,114.74,65,102.085,82,98.2145,41,16.5251,47
"2025","Mercer",71.7273,23,71.5673,19,102.176,272,100.675,299,106.369,186,108.189,198,-7.51407,255
"2025","Mercyhurst",64.4834,341,65.0348,315,100.606,306,99.1496,317,110.069,273,116.848,341,-17.6982,343
"2025","Merrimack",64.9294,327,65.0758,312,100.999,294,100.431,304,99.6704,46,103.437,98,-3.00605,204
"2025","Miami FL",67.4634,213,67.5086,186,108.891,121,114.027,69,118.762,359,116.441,339,-2.41353,192
"2025","Miami OH",70.2431,65,69.4269,73,110.082,92,108.072,161,104.57,145,108.324,201,-0.252085,165
"2025","Michigan",70.7726,45,69.8832,62,111.24,71,117.085,40,100.212,55,95.9061,22,21.1792,29
"2025","Michigan St.",69.0492,122,67.8424,161,112.528,59,118.074,32,96.1188,17,91.1731,5,26.9009,9
"2025","Middle Tennessee",69.2124,120,68.4943,127,106.139,172,109.842,128,104.429,141,105.675,139,4.16694,116
"2025","Milwaukee",69.4868,102,68.9325,104,110.361,86,108.486,150,103.757,122,106.185,150,2.30062,138
"2025","Minnesota",63.6127,356,62.5776,357,105.418,193,111.162,102,107.208,204,102.681,87,8.48076,89
"2025","Mississippi",69.4595,104,68.386,130,111.395,68,118.039,33,101.244,68,95.9587,23,22.0806,26
"2025","Mississippi St.",69.3974,107,67.9598,151,113.063,55,119.011,23,104.349,140,98.635,44,20.3762,30
"2025","Mississippi Valley St.",66.1116,284,64.731,322,78.2169,364,82.0608,364,126.165,364,126.632,364,-44.5709,364
"2025","Missouri",69.707,93,68.3514,133,120.952,5,126.17,5,102.461,90,100.356,57,25.8134,12
"2025","Missouri St.",64.3613,344,64.0847,340,102.365,266,102.097,262,108.719,243,107.808,185,-5.71117,234
"2025","Monmouth",67.6294,200,67.6396,173,103.186,251,104.099,229,110.878,292,113.489,300,-9.38992,276
"2025","Montana",67.4729,212,67.3381,198,110.59,82,110.618,109,111.242,301,111.772,263,-1.15354,178
"2025","Montana St.",66.6436,258,66.235,253,106.784,164,106.546,192,106.334,185,108.261,200,-1.71561,185
"2025","Morehead St.",64.7139,335,64.0672,341,98.336,324,98.4918,327,107.033,201,112.784,285,-14.2919,325
"2025","Morgan St.",71.5408,30,70.4662,47,105.813,181,103.792,237,115.455,346,118.965,357,-15.1728,331
"2025","Mount St. Mary's",67.9348,188,68.1705,141,102.386,263,101.194,285,104.24,136,109.334,214,-8.1397,260
"2025","Murray St.",65.4415,314,65.1464,309,105.4,196,106.537,195,105.138,161,105.151,129,1.38661,147
"2025","N.C. State",65.6406,310,65.2107,303,105.284,201,108.312,156,107.542,212,105.296,134,3.01564,127
"2025","Navy",66.7654,247,67.0448,211,104.141,231,101.945,269,105.473,167,111.164,249,-9.21896,274
"2025","Nebraska",68.8363,137,67.5958,178,107.12,156,113.172,79,102.439,89,97.5161,32,15.6559,52
"2025","Nebraska Omaha",68.7237,145,67.711,167,111.992,62,111.28,100,111.148,298,112.578,281,-1.29846,179
"2025","Nevada",64.5622,340,63.8831,346,111.613,64,113.823,71,103.885,125,103.148,94,10.6755,76
"2025","New Hampshire",68.3755,167,67.5548,182,95.7757,349,94.6416,356,112.525,325,115.857,330,-21.2153,355
"2025","New Mexico",73.5551,5,73.3885,4,109.387,109,113.71,73,96.7867,18,96.5436,27,17.166,40
"2025","New Mexico St.",66.7059,252,65.4462,293,100.484,307,103.346,243,99.4186,39,100.779,63,2.56758,135
"2025","New Orleans",69.5396,98,69.4334,72,96.946,339,99.6088,312,117.949,356,118.043,354,-18.4338,350
"2025","Niagara",64.715,334,65.1319,310,102.416,262,100.856,292,109.889,269,115.788,329,-14.9321,328
"2025","Nicholls",68.389,164,68.3755,132,105.703,184,107.38,172,105.104,159,107.97,190,-0.589737,171
"2025","NJIT",66.7487,249,66.6162,230,94.6659,353,93.2822,359,110.382,282,113.924,308,-20.6414,354
"2025","Norfolk St.",67.331,224,66.6817,228,111.173,72,109.48,129,106.025,178,110.84,243,-1.35952,180
"2025","North Alabama",67.3164,225,66.8917,220,115.804,26,112.612,85,104.563,144,107.672,183,4.9397,111
"2025","North Carolina",71.2638,36,70.9806,30,113.935,41,119.187,22,106.505,188,101.981,78,17.2056,39
"2025","North Carolina A&T",69.2962,116,69.3451,76,98.6018,322,97.9923,333,110.898,293,113.498,301,-15.5055,332
"2025","North Carolina Central",68.675,149,66.9412,217,105.832,180,103,249,112.055,315,116.615,340,-13.6153,320
"2025","North Dakota",70.2241,66,69.1773,88,108.714,123,108.224,159,117.505,354,117.374,344,-9.14925,270
"2025","North Dakota St.",66.2716,277,65.1197,311,119.356,7,116.212,49,112.29,321,113.059,288,3.15292,126
"2025","North Florida",72.6177,15,72.4499,9,110.185,89,110.113,122,116.681,352,117.91,352,-7.79679,258
"2025","North Texas",60.8827,362,60.6765,362,111.28,70,110.544,110,97.979,24,97.7467,35,12.7976,61
"2025","Northeastern",67.229,229,67.627,174,104.623,220,104.25,227,103.874,124,107.709,184,-3.45907,212
"2025","Northern Arizona",67.0847,234,67.0637,209,108.563,129,105.704,208,109.804,266,112.618,282,-6.91403,246
"2025","Northern Colorado",69.2518,118,69.3887,74,114.118,38,112.123,91,107.592,213,109.336,215,2.78663,130
"2025","Northern Illinois",70.3397,60,69.3177,77,95.1164,351,95.2167,351,112.789,328,113.742,305,-18.5258,351
"2025","Northern Iowa",65.3181,319,65.4996,289,111.542,67,110.453,113,103.514,114,104.229,112,6.22445,100
"2025","Northern Kentucky",66.6583,254,66.0898,265,103.102,254,102.249,261,106.96,199,108.614,205,-6.36484,240
"2025","Northwestern",66.0599,288,64.9827,318,109.147,114,115.052,61,103.056,104,98.7097,46,16.3425,49
"2025","Northwestern St.",64.3003,346,64.3522,333,101.101,288,102.357,255,106.331,183,107.85,188,-5.49251,229
"2025","Notre Dame",65.5836,311,65.1867,305,109.87,98,114.024,70,109.017,251,106.496,157,7.52835,94
"2025","Oakland",64.4243,342,63.9512,344,105.684,185,107.089,177,109.625,264,109.786,224,-2.69661,197
"2025","Ohio",71.5992,28,70.5836,43,109.39,108,107.205,174,105.814,173,108.343,202,-1.13861,177
"2025","Ohio St.",68.8036,140,67.5537,183,111.916,63,118.076,31,103.403,110,98.5282,43,19.5476,32
"2025","Oklahoma",69.9845,80,68.7878,115,111.567,66,118.345,29,105.992,177,101.775,74,16.5702,45
"2025","Oklahoma St.",71.4901,31,71.443,21,101.505,281,108.648,143,106.82,194,102.144,81,6.50431,97
"2025","Old Dominion",66.7554,248,66.5208,234,101.036,291,100.823,293,110.641,285,113.064,289,-12.241,306
"2025","Oral Roberts",68.3983,163,67.787,163,104.224,227,103.551,239,119.876,362,117.677,347,-14.1268,324
"2025","Oregon",68.8186,138,68.1356,144,110.747,78,117.691,35,103.006,101,98.1643,40,19.527,33
"2025","Oregon St.",64.7167,333,64.126,338,115.601,29,117.131,38,105.287,164,106.921,166,10.2101,81
"2025","Pacific",67.6612,198,66.6935,227,99.3399,315,101.978,266,113.078,333,111.97,270,-9.99133,283
"2025","Penn",67.4298,215,67.0581,210,102.454,260,104.456,224,113.12,335,114.571,314,-10.1153,286
"2025","Penn St.",70.9179,41,70.062,56,111.031,74,114.595,66,103.68,119,102.162,82,12.433,64
"2025","Pepperdine",69.6408,94,69.6607,66,102.078,273,105.414,212,111.581,307,111.766,262,-6.35236,239
"2025","Pittsburgh",67.0193,236,66.3629,243,113.028,56,117.139,37,106.216,181,103.012,91,14.1268,58
"2025","Portland",69.0106,125,68.7379,118,102.218,270,106.431,198,115.613,348,114.73,316,-8.29919,261
"2025","Portland St.",68.3831,165,68.5529,123,104.598,222,101.487,278,102.57,92,104.158,111,-2.67067,196
"2025","Prairie View A&M",71.5746,29,70.5813,44,98.1811,326,96.0817,344,114.873,341,117.892,351,-21.8107,357
"2025","Presbyterian",65.666,307,64.4253,328,106.943,159,105.18,215,110.24,278,110.619,239,-5.43888,228
"2025","Princeton",68.2495,174,66.8672,221,105.207,203,105.525,210,106.989,200,107.909,189,-2.38432,191
"2025","Providence",66.6149,262,66.599,231,106.877,161,112.989,82,107.674,215,105.276,133,7.7122,92
"2025","Purdue",66.625,260,65.4385,294,116.234,23,124.068,10,105.121,160,99.4187,51,24.6491,16
"2025","Purdue Fort Wayne",70.0698,74,69.865,63,112.341,60,110.417,114,107.821,219,110.549,236,-0.132215,163
"2025","Queens",69.7972,86,68.9734,102,107.611,144,106.389,199,107.506,210,109.8,225,-3.41101,208
"2025","Quinnipiac",71.6818,24,72.1772,13,102.547,259,101.615,276,99.7019,47,104.904,121,-3.28875,207
"2025","Radford",64.6154,339,63.2389,355,110.581,83,110.325,117,109.318,258,109.776,222,0.549181,156
"2025","Rhode Island",70.7581,46,70.6443,42,107.702,141,109.171,135,104.053,129,107.154,173,2.01739,142
"2025","Rice",65.9839,291,65.6193,285,107.13,154,108.124,160,106.603,192,109.827,226,-1.70304,184
"2025","Richmond",64.3014,345,64.0045,342,100.079,310,103.438,240,111.044,295,109.673,221,-6.23567,238
"2025","Rider",65.4319,315,65.3145,302,100.853,297,100.985,289,110.331,280,115.084,320,-14.0986,323
"2025","Robert Morris",68.906,131,68.31,134,108.966,119,106.087,202,101.223,67,105.222,131,0.865259,152
"2025","Rutgers",69.7631,88,68.9727,103,109.288,111,116.182,51,108.719,242,104.632,115,11.5509,69
"2025","Sacramento St.",65.7768,301,65.833,277,95.961,347,95.246,349,111.077,296,112.515,280,-17.2688,339
"2025","Sacred Heart",70.3089,61,70.5103,46,107.24,153,105.72,207,107.498,209,113.383,296,-7.66325,256
"2025","Saint Francis",66.9358,241,67.1052,207,101.249,284,101.284,282,110.3,279,115.233,322,-13.9491,321
"2025","Saint Joseph's",68.32,169,68.282,136,109.897,96,111.639,95,98.8172,30,100.762,62,10.8775,75
"2025","Saint Louis",68.1626,175,67.5347,185,106.993,158,109.449,131,103.565,117,103.856,106,5.59306,105
"2025","Saint Mary's",63.5488,359,62.1594,359,115.834,25,117.11,39,96.0396,16,93.5387,11,23.5708,20
"2025","Saint Peter's",64.2547,347,63.6756,348,98.6666,321,96.3803,341,102.157,86,106.763,162,-10.3829,288
"2025","Sam Houston St.",68.129,178,67.7749,164,105.156,205,110.369,116,111.481,306,110.831,242,-0.462468,168
"2025","Samford",71.4811,32,71.1311,27,113.865,43,113.287,77,105,156,107.844,187,5.44353,106
"2025","San Diego",71.6354,26,71.1453,26,97.5331,331,99.7448,310,111.408,303,110.296,232,-10.5517,289
"2025","San Diego St.",66.2806,275,66.0977,264,105.406,194,110.529,111,95.8685,15,93.7566,13,16.7726,42
"2025","San Francisco",68.5006,153,67.6861,169,110.317,87,112.318,87,100.062,51,99.8503,53,12.4672,63
"2025","San Jose St.",66.4614,269,66.4432,237,104.758,219,108.78,141,110.737,287,109.374,217,-0.594643,172
"2025","Santa Clara",70.0435,76,69.2762,80,114.644,34,116.865,42,102.362,88,101.691,73,15.1736,54
"2025","Seattle",67.4207,216,66.0365,267,103.339,248,106.182,201,102.114,85,104.806,120,1.37604,149
"2025","Seton Hall",64.8137,331,64.5732,325,94.6613,354,100.051,307,105.512,169,102.531,83,-2.47988,193
"2025","Siena",67.54,203,67.2725,202,105.428,192,104.115,228,104.753,150,110.535,235,-6.41956,241
"2025","SIUE",67.3957,218,66.5294,233,104.25,226,101.921,270,100.884,64,107.478,180,-5.55712,231
"2025","SMU",69.4625,103,69.1477,92,117.074,19,118.606,25,103.966,127,102.041,80,16.5652,46
"2025","South Alabama",63.8927,354,63.2785,352,108.598,128,107.661,166,99.275,35,103.521,99,4.13927,117
"2025","South Carolina",67.0385,235,65.7494,281,104.05,235,110.467,112,105.323,165,98.7731,48,11.694,67
"2025","South Carolina St.",70.6481,51,69.1494,91,106.227,170,103.603,238,101.541,73,106.268,154,-2.66536,195
"2025","South Dakota",74.8665,3,74.6933,3,113.116,54,110.408,115,115.195,342,115.996,332,-5.58763,232
"2025","South Dakota St.",69.8875,85,69.1934,87,113.268,51,110.977,104,107.037,202,107.106,170,3.87132,120
"2025","South Florida",69.7863,87,68.5415,125,104.817,214,103.99,232,106.75,193,106.693,160,-2.70331,198
"2025","Southeast Missouri",68.9918,126,68.9875,100,104.801,217,103.367,242,100.151,54,106.31,155,-2.94292,202
"2025","Southeastern Louisiana",67.4433,214,67.3614,196,105.501,189,105.282,214,104.322,139,107.813,186,-2.531,194
"2025","Southern",70.2983,62,69.1164,94,100.747,303,100.734,297,99.3632,36,105.507,136,-4.7729,225
"2025","Southern Illinois",68.2645,172,68.2544,137,105.104,206,105.744,206,109.058,252,108.063,191,-2.31972,188
"2025","Southern Indiana",68.1386,177,67.2033,203,100.821,299,98.8615,323,109.06,253,115.399,324,-16.5372,335
"2025","Southern Miss",71.3258,33,71.4914,20,97.648,329,98.3129,331,106.911,196,108.977,208,-10.6639,291
"2025","Southern Utah",70.0894,73,69.1647,90,97.3798,333,100.625,302,108.356,233,110.564,237,-9.9391,280
"2025","St. Bonaventure",64.8247,330,64.1139,339,106.876,162,108.031,163,100.071,52,101.843,76,6.188,101
"2025","St. John's",70.2764,64,70.1573,52,110.067,93,113.8,72,92.1733,3,89.1391,2,24.6607,15
"2025","St. Thomas",69.2545,117,67.9382,152,117.535,15,114.743,64,109.978,271,111.425,254,3.31802,125
"2025","Stanford",67.5297,205,66.8094,225,110.434,85,112.88,83,105.065,157,103.544,100,9.3359,86
"2025","Stephen F. Austin",67.3453,223,67.6838,170,94.7754,352,95.2784,348,101.77,76,104.922,122,-9.64321,278
"2025","Stetson",68.8397,136,67.9041,157,100.671,304,99.8653,309,117.959,357,119.156,358,-19.2909,352
"2025","Stonehill",65.7241,302,65.3202,301,103.353,246,101.959,268,107.906,221,115.459,325,-13.5006,318
"2025","Stony Brook",64.6404,338,64.891,319,101.074,290,101.982,265,115.656,350,117.729,348,-15.747,333
"2025","Syracuse",69.1589,121,68.7652,116,106.124,173,110.685,107,111.402,302,107.303,176,3.38143,123
"2025","Tarleton St.",67.5115,209,65.8558,275,90.3221,361,94.3942,357,104.973,154,104.367,113,-9.97294,281
"2025","TCU",67.2576,227,66.9834,214,101.019,293,107.097,176,101.785,77,97.3702,31,9.72689,82
"2025","Temple",69.7242,92,69.0499,98,109.287,112,110.17,120,109.619,263,110.886,245,-0.716156,173
"2025","Tennessee",65.6754,306,63.9782,343,113.288,50,118.494,27,93.3229,6,87.0921,1,31.4023,5
"2025","Tennessee Martin",67.2186,230,66.9458,216,101.113,287,100.766,296,105.858,175,111.797,264,-11.0307,295
"2025","Tennessee St.",71.78,22,71.1952,25,104.187,230,102.339,256,103.28,107,110.067,230,-7.7274,257
"2025","Tennessee Tech",68.708,147,68.1471,143,102.417,261,101.386,281,107.208,203,113.578,302,-12.1926,304
"2025","Texas",68.4432,159,67.4601,189,113.415,49,116.688,44,103.041,102,100.699,60,15.9891,51
"2025","Texas A&M",67.8164,192,66.8237,223,108.88,122,115.938,54,99.1629,32,92.9526,8,22.9851,22
"2025","Texas A&M Corpus Chris",67.9723,183,67.9159,154,107.646,143,106.999,180,104.435,142,106.817,164,0.182846,161
"2025","Texas Southern",71.0748,38,70.0057,58,97.5981,330,96.3041,343,100.574,59,105.802,142,-9.4981,277
"2025","Texas St.",66.7091,251,66.0369,266,109.863,99,111.094,103,109.387,259,113.475,299,-2.38142,190
"2025","Texas Tech",66.6175,261,65.887,274,118.765,9,124.303,9,98.2997,27,96.7141,29,27.5888,7
"2025","The Citadel",65.3403,318,64.6737,323,95.3861,350,96.0374,345,116.684,353,117.419,345,-21.3818,356
"2025","Toledo",69.2482,119,68.3867,129,109.683,104,110.867,106,115.448,345,117.984,353,-7.11686,250
"2025","Towson",63.9736,353,63.7111,347,106.334,167,106.796,189,103.452,112,105.824,143,0.972361,150
"2025","Troy",66.6464,257,66.2518,252,107.273,152,106.804,187,99.1606,31,101.793,75,5.01153,109
"2025","Tulane",67.7273,196,67.1186,206,108.223,134,107.942,164,104.294,138,107.344,178,0.597591,155
"2025","Tulsa",67.4777,211,66.3947,238,101.567,280,100.66,301,108.039,224,110.774,240,-10.1137,285
"2025","UAB",70.001,79,69.3841,75,117.427,18,117.355,36,108.994,250,112.169,276,5.18549,107
"2025","UC Davis",68.4612,158,67.5689,180,96.915,340,97.1945,337,102.21,87,102.851,88,-5.6567,233
"2025","UC Irvine",69.4983,101,68.9041,107,105.254,202,105.594,209,92.8447,4,94.074,14,11.5199,70
"2025","UC Riverside",67.8136,194,67.4441,191,107.692,142,110.681,108,108.851,246,108.784,207,1.89714,143
"2025","UC San Diego",67.4902,210,66.2914,250,117.036,20,116.247,48,94.1327,7,97.6723,34,18.5746,35
"2025","UC Santa Barbara",66.2741,276,65.4668,291,110.594,80,109.32,133,103.293,108,107.548,181,1.77217,145
"2025","UCF",72.6653,14,72.1741,14,107.355,150,115.532,56,108.725,244,105.261,132,10.2701,80
"2025","UCLA",66.4929,268,65.0437,313,112.018,61,116.78,43,98.1201,26,95.0943,18,21.6855,27
"2025","UMass Lowell",69.6299,96,69.127,93,109.624,106,109.392,132,108.861,247,115.144,321,-5.75234,235
"2025","UMBC",70.8713,42,70.9065,33,107.548,146,107.076,178,111.824,311,118.342,355,-11.266,298
"2025","UNC Asheville",70.1917,69,68.5953,122,111.066,73,109.942,125,112.147,317,112.763,284,-2.82086,201
"2025","UNC Greensboro",64.6607,336,64.1626,336,109.635,105,108.604,146,104.153,133,105.79,140,2.81312,129
"2025","UNC Wilmington",66.3789,272,65.7955,278,114.77,33,113.206,78,104.584,146,108.124,193,5.08203,108
"2025","UNLV",65.9591,293,65.9428,271,105.476,191,108.234,158,102.987,100,100.465,59,7.76891,91
"2025","USC",69.4336,105,68.6699,120,109.793,100,116.615,47,108.121,227,104.128,110,12.4866,62
"2025","USC Upstate",73.4688,6,72.9067,6,99.2364,316,99.539,314,116.485,351,116.381,338,-16.842,338
"2025","UT Arlington",68.4761,156,67.9278,153,105.379,197,107.554,170,108.023,223,111.986,272,-4.43218,221
"2025","UT Rio Grande Valley",70.7514,47,70.6893,41,104.925,212,104.984,217,108.401,235,111.124,247,-6.14025,236
"2025","Utah",68.9487,128,68.8797,109,109.078,115,113.565,75,103.489,113,101.953,77,11.6124,68
"2025","Utah St.",67.8198,191,68.211,140,118.243,11,120.953,16,105.569,171,106.267,153,14.6861,56
"2025","Utah Tech",68.3804,166,67.5393,184,100.098,309,103.201,245,112.178,319,114.532,313,-11.3301,299
"2025","Utah Valley",68.7219,146,68.1656,142,107.306,151,106.519,196,100.149,53,102.98,90,3.53951,122
"2025","UTEP",68.882,132,68.7924,114,102.96,256,106.009,203,102.86,98,105.106,126,0.903015,151
"2025","UTSA",69.7584,89,70.3388,50,105.982,178,107.659,167,110.427,284,110.393,234,-2.7349,200
"2025","Valparaiso",68.5937,151,68.7564,117,105.496,190,106.538,194,110.747,288,112.086,274,-5.54832,230
"2025","Vanderbilt",69.9285,83,69.459,71,114.461,35,119.809,19,105.505,168,102.009,79,17.8005,38
"2025","VCU",66.8,246,66.5667,232,115.956,24,116.921,41,93.1602,5,95.6604,20,21.2607,28
"2025","Vermont",64.0723,352,62.575,358,101.428,282,100.277,305,101.818,78,105.525,137,-5.24893,227
"2025","Villanova",63.6642,355,63.2499,353,116.687,22,119.677,20,105.844,174,104.521,114,15.1558,55
"2025","Virginia",61.4103,361,61.3281,361,105.919,179,111.758,93,108.189,228,105.576,138,6.18153,102
"2025","Virginia Tech",66.1946,280,65.4922,290,105.309,200,108.361,153,109.311,257,106.798,163,1.56396,146
"2025","VMI",68.4839,155,68.5529,124,100.84,298,100.802,294,111.129,297,111.851,267,-11.0485,296
"2025","Wagner",60.3427,363,60.4462,363,94.2928,356,93.1075,361,103.255,105,111.383,253,-18.2759,348
"2025","Wake Forest",67.8804,189,67.4965,188,104.103,232,109.058,138,101.52,72,98.7407,47,10.3175,78
"2025","Washington",68.7791,143,68.2368,138,103.934,237,109.9,127,108.944,249,103.9,107,6.00018,104
"2025","Washington St.",71.2753,35,70.4308,49,109.319,110,111.779,92,109.594,261,108.162,195,3.61632,121
"2025","Weber St.",65.8666,297,65.8895,273,102.383,265,101.439,279,112.177,318,112.854,287,-11.4149,300
"2025","West Georgia",68.9362,130,68.2996,135,98.3878,323,97.3733,336,114.508,340,115.653,327,-18.2795,349
"2025","West Virginia",65.0095,325,64.4228,329,102.868,257,110.143,121,97.9235,22,94.5623,15,15.5808,53
"2025","Western Carolina",71.2045,37,70.9373,32,93.486,358,95.8429,346,112.701,327,113.14,291,-17.2975,340
"2025","Western Illinois",65.107,324,64.5107,326,101.127,286,99.516,315,111.468,305,117.787,349,-18.2712,347
"2025","Western Kentucky",73.3413,7,72.4063,10,100.813,300,104.428,225,101.64,74,102.553,84,1.87472,144
"2025","Western Michigan",69.567,97,68.1328,145,103.358,245,101.551,277,111.598,308,113.194,293,-11.643,301
"2025","Wichita St.",68.938,129,68.7031,119,106.249,169,108.441,151,104.931,153,105.119,127,3.32226,124
"2025","William & Mary",70.6996,49,71.3592,22,108.601,127,108.552,148,110.049,272,112.837,286,-4.28554,220
"2025","Winthrop",73.9359,4,72.9699,5,110.056,94,109.1,137,107.329,206,109.844,227,-0.743787,174
"2025","Wisconsin",68.8477,135,67.752,166,117.549,14,123.98,11,102.089,84,97.2456,30,26.734,10
"2025","Wofford",64.8402,328,64.406,331,110.758,77,112.2,89,108.481,237,109.42,218,2.78083,131
"2025","Wright St.",68.2963,171,67.8426,160,110.237,88,109.459,130,110.959,294,113.921,307,-4.46248,222
"2025","Wyoming",65.3955,317,65.1589,308,100.995,295,104.695,221,108.529,238,106.14,147,-1.44518,181
"2025","Xavier",69.3723,109,69.2374,82,110.669,79,114.825,62,100.382,57,98.22,42,16.6053,44
"2025","Yale",69.358,113,68.0833,148,118.246,10,115.853,55,102.054,81,104.731,119,11.1218,72
"2025","Youngstown St.",70.2153,68,69.7273,65,104.93,210,102.878,250,102.852,97,106.422,156,-3.544,213
